{"seq2seq": [0.46499999999999986, 1.5579999999999998, 2.215, 0.7464999999999999, 3.4525, 4.305, 0.6, 2.9295, 3.535, 3.9490000000000003, 3.8609999999999998, 4.705500000000001, 3.322, 1.5139999999999998, 2.3815, 0.9639999999999999, 2.0635, 1.2095, 2.3785, 4.386, 2.012, 0.49549999999999983, 3.58, 4.884, 3.2055, 0.8989999999999998, 3.89, 2.9015000000000004, 2.52, 2.5404999999999998, 1.5244999999999997, 0.9570000000000001, 0.358, 0.9365000000000001, 0.9755000000000003, 1.4985, 1.6599999999999997, 3.9314999999999998, 3.4115, 2.1689999999999996, 1.2480000000000002, 2.0090000000000003, 0.963, 1.7704999999999997, 1.005, 1.2545000000000002, 1.4825, 3.0664999999999996, 3.354, 0.6559999999999999, 3.2375, 1.0785, 4.2364999999999995, 3.8005, 3.386, 3.394, 2.535, 2.5575, 1.13, 0.6040000000000001, 2.162, 2.6239999999999997, 1.3979999999999997, 0.22399999999999975, 3.2725000000000004, 1.33, 3.3835000000000006, 3.2455, 1.6860000000000004, 2.4695, 2.235, 0.6890000000000002, 2.6390000000000002, 0.5249999999999999, 2.313, 1.382, 3.9939999999999998, 1.153, 2.4814999999999996, 2.8000000000000003, 2.783, 4.159, 1.9615, 1.9130000000000003, 2.196, 2.8600000000000003, 3.1625000000000005, 1.382, 1.7830000000000001, 2.7625, 1.9745000000000001, 1.859, 0.9889999999999999, 1.7964999999999998, 0.9789999999999999, 0.7974999999999999, 4.4174999999999995, 3.391, 2.7685000000000004, 3.436], "word_net": [4.785, 4.7139999999999995, 2.6649999999999996, 3.715, 4.6000000000000005, 0.20500000000000018, 4.9955, 4.958, 4.8135, 0.10000000000000009, 4.4455, 4.683, 4.7815, 4.9959999999999996, 0.023500000000000187, 4.8935, 4.9145, 4.346, 0.5995, 4.9895, 4.4905, 3.4499999999999997, 3.0564999999999998, 2.2270000000000003, 4.6034999999999995, 4.995, 4.9745, 0.6935000000000002, 4.51, 4.932, 4.3149999999999995, 4.7139999999999995, 4.989, 0.08350000000000024, 4.9675, 1.5470000000000002, 2.4014999999999995, 0.0035000000000001696, 4.9645, 0.5125000000000002, 4.0055000000000005, 0.024500000000000077, 4.99, 4.9955, 4.952, 1.1514999999999997, 4.9435, 4.9845, 4.526, 1.522, 4.1675, 2.8695000000000004, 4.8575, 4.6725, 4.8175, 4.9655, 4.989, 0.7774999999999999, 1.0610000000000004, 0.2755000000000002, 3.3325, 3.16, 3.7675, 4.846, 2.5795000000000003, 0.05950000000000011, 0.0035000000000001696, 4.706, 0.45300000000000007, 2.3635, 0.5345, 2.8925, 4.968500000000001, 0.3865000000000002, 0.02950000000000008, 3.8275000000000006, 4.971, 4.8015, 3.8529999999999998, 1.7885, 4.81, 4.9945, 0.9239999999999998, 4.949, 4.8485, 4.7875, 4.9145, 0.12649999999999995, 0.06099999999999994, 4.9935, 4.952500000000001, 4.9795, 4.9430000000000005, 1.9209999999999998, 4.9895, 1.892, 2.1100000000000003, 0.13950000000000018, 4.151, 2.2115], "baseline": [0.46499999999999986, 1.5579999999999998, 1.7294999999999998, 0.7464999999999999, 3.4525, 4.305, 0.6, 2.9295, 3.5475000000000003, 4.1025, 3.8609999999999998, 4.705500000000001, 3.322, 1.5139999999999998, 2.3815, 0.9639999999999999, 2.0635, 1.2095, 2.3785, 4.386, 1.1414999999999997, 0.49549999999999983, 3.58, 4.884, 3.2055, 0.8989999999999998, 3.89, 2.9015000000000004, 2.52, 1.8205, 1.5244999999999997, 0.9915000000000002, 0.358, 0.9365000000000001, 1.0470000000000002, 1.4985, 1.6599999999999997, 3.9314999999999998, 3.4115, 2.1689999999999996, 1.2480000000000002, 2.0090000000000003, 0.963, 1.7704999999999997, 1.005, 1.2545000000000002, 1.4825, 3.0664999999999996, 3.354, 0.6559999999999999, 3.135, 1.0785, 4.2364999999999995, 3.8005, 3.386, 3.3365, 2.535, 2.5575, 1.4375, 0.6040000000000001, 2.162, 2.6239999999999997, 1.3979999999999997, 0.22399999999999975, 3.2725000000000004, 1.239, 3.3835000000000006, 3.2455, 1.6860000000000004, 2.4695, 2.3175, 0.801, 2.6390000000000002, 0.5249999999999999, 2.1825, 1.382, 3.9939999999999998, 1.6075, 2.4814999999999996, 2.8000000000000003, 2.783, 4.159, 1.9615, 1.9995000000000003, 2.196, 2.8600000000000003, 3.1625000000000005, 1.382, 1.7830000000000001, 2.7625, 2.0945, 1.859, 0.9889999999999999, 1.7964999999999998, 0.9789999999999999, 0.6685000000000002, 4.4174999999999995, 3.391, 2.7685000000000004, 3.436]}